library_member,mean_Cl_QB_1_03.03_ProG.WR18.DR.DP.DQ_TM2,mean_Un_QB_1_03.03_ProG.WR18.DR.DP.DQ_TM2,variantId,gene_name,topEffect,sourceName,file,peptide,sequence,effectId,cl_un_ratio,mhc_ii_allele
TM2_10590,4.1446268828168895,1.541689338729937,chr17 g.1939340G>A,DPH1,TRUE,C038_0044,C038_0044_merged_Ashion_Research_Peptide.varCode.csv,mutPept9,CVDDFTARTLGADFL,ENST00000263083_p.A124T|ENST00000570477_p.A44T,2.6883670910193134,HLA-DQB1*03:03
TM2_01199,6.0275225655270495,2.5157665658651642,chr17 g.7577539G>A,TP53,TRUE,C038_0044,C038_0044_merged_Ashion_Research_Peptide.varCode.csv,mutPept7,CMGGMNWRPILTIIT,ENST00000269305_p.R248W|ENST00000359597_p.R248W|ENST00000420246_p.R248W|ENST00000445888_p.R248W|ENST00000455263_p.R248W,2.395898986539796,HLA-DQB1*03:03
TM2_10592,1.9817377438204595,0.8653789745811139,chr17 g.5290783T>G,NUP88,TRUE,C038_0044,C038_0044_merged_Ashion_Research_Peptide.varCode.csv,mutPept9,LSYCREERNSLREMA,ENST00000573584_p.K613N,2.290022986495273,HLA-DQB1*03:03
TM2_10584,1.911136271598817,0.8440428764449167,chr14 g.79434660G>A,NRXN3,TRUE,C038_0044,C038_0044_merged_Ashion_Research_Peptide.varCode.csv,mutPept9,DLINDALHQSGQIER,ENST00000335750_p.R665Q|ENST00000554719_p.R665Q,2.2642644407455528,HLA-DQB1*03:03
TM2_01202,13.687394162666797,6.900104729558509,chr19 g.57175704G>A,ZNF835,TRUE,C038_0044,C038_0044_merged_Ashion_Research_Peptide.varCode.csv,mutPept7,QCAKAFVQIAHLTQH,ENST00000537055_p.A288V,1.9836502051966043,HLA-DQB1*03:03
TM2_01236,5.2299030800012245,2.9053505050807953,chr20 g.57766219_57766220insC,ZNF831,TRUE,C038_0044_022773_PB_Whole_C1_K1ID2_B20571-C038_0044_022773_LU_Whole_T2_K1ID2_B20528,C038_0044_merged_Ashion_Research_Peptide.varCode.csv,mutPept7,QGLAPPHCVPEGPAH,ENST00000371030_p.T52fs,1.8000936791809858,HLA-DQB1*03:03
